31,23,0,1,-1
31,23,1,1,351
31,23,2,1,-1
31,23,3,1,350
31,23,4,1,-1
31,23,5,1,349
31,23,6,1,-1
31,23,7,1,348
31,23,8,1,352
31,23,9,1,347
31,23,10,1,353
31,23,11,1,346
31,23,12,1,354
31,23,13,1,345
31,23,14,1,355
31,23,15,1,344
31,23,16,1,356
31,23,17,1,343
31,23,18,1,357
31,23,19,1,342
31,23,20,1,358
31,23,21,1,341
31,23,22,1,359
31,23,23,1,340
31,23,24,1,360
31,23,25,1,339
31,23,26,1,361
31,23,27,1,338
31,23,28,1,362
31,23,29,1,337
31,23,30,1,363
31,23,31,1,336
31,23,32,1,364
31,23,33,1,335
31,23,34,1,365
31,23,35,1,334
31,23,36,1,366
31,23,37,1,333
31,23,38,1,367
31,23,39,1,332
31,23,40,1,368
31,23,41,1,331
31,23,42,1,369
31,23,43,1,330
31,23,44,1,-1
31,23,45,1,329
31,23,46,1,370
31,23,47,1,328
31,23,48,1,371
31,23,49,1,327
31,23,50,1,372
31,23,51,1,326
31,23,52,1,373
31,23,53,1,325
31,23,54,1,374
31,23,55,1,324
31,23,56,1,375
31,23,57,1,323
31,23,58,1,376
31,23,59,1,322
31,23,60,1,377
31,23,61,1,321
31,23,62,1,378
31,23,63,1,320
31,23,64,1,256
31,23,65,1,319
31,23,66,1,257
31,23,67,1,318
31,23,68,1,258
31,23,69,1,317
31,23,70,1,259
31,23,71,1,316
31,23,72,1,260
31,23,73,1,315
31,23,74,1,261
31,23,75,1,314
31,23,76,1,262
31,23,77,1,313
31,23,78,1,263
31,23,79,1,312
31,23,80,1,264
31,23,81,1,311
31,23,82,1,265
31,23,83,1,310
31,23,84,1,266
31,23,85,1,309
31,23,86,1,267
31,23,87,1,308
31,23,88,1,268
31,23,89,1,307
31,23,90,1,269
31,23,91,1,306
31,23,92,1,270
31,23,93,1,305
31,23,94,1,271
31,23,95,1,304
31,23,96,1,272
31,23,97,1,303
31,23,98,1,273
31,23,99,1,302
31,23,100,1,274
31,23,101,1,301
31,23,102,1,275
31,23,103,1,300
31,23,104,1,276
31,23,105,1,299
31,23,106,1,277
31,23,107,1,298
31,23,108,1,278
31,23,109,1,297
31,23,110,1,279
31,23,111,1,296
31,23,112,1,280
31,23,113,1,295
31,23,114,1,281
31,23,115,1,294
31,23,116,1,282
31,23,117,1,293
31,23,118,1,283
31,23,119,1,292
31,23,120,1,284
31,23,121,1,291
31,23,122,1,285
31,23,123,1,290
31,23,124,1,286
31,23,125,1,289
31,23,126,1,287
31,23,127,1,288
31,22,0,2,352
31,22,1,2,351
31,22,2,2,353
31,22,3,2,350
31,22,4,2,354
31,22,5,2,349
31,22,6,2,355
31,22,7,2,348
31,22,8,2,356
31,22,9,2,347
31,22,10,2,357
31,22,11,2,346
31,22,12,2,358
31,22,13,2,345
31,22,14,2,359
31,22,15,2,344
31,22,16,2,360
31,22,17,2,343
31,22,18,2,361
31,22,19,2,342
31,22,20,2,362
31,22,21,2,341
31,22,22,2,363
31,22,23,2,340
31,22,24,2,364
31,22,25,2,339
31,22,26,2,365
31,22,27,2,338
31,22,28,2,366
31,22,29,2,337
31,22,30,2,367
31,22,31,2,336
31,22,32,2,368
31,22,33,2,335
31,22,34,2,369
31,22,35,2,334
31,22,36,2,370
31,22,37,2,333
31,22,38,2,371
31,22,39,2,332
31,22,40,2,372
31,22,41,2,331
31,22,42,2,373
31,22,43,2,330
31,22,44,2,374
31,22,45,2,329
31,22,46,2,375
31,22,47,2,328
31,22,48,2,376
31,22,49,2,327
31,22,50,2,377
31,22,51,2,326
31,22,52,2,378
31,22,53,2,325
31,22,54,2,379
31,22,55,2,324
31,22,56,2,380
31,22,57,2,323
31,22,58,2,381
31,22,59,2,322
31,22,60,2,382
31,22,61,2,321
31,22,62,2,383
31,22,63,2,320
31,22,64,2,256
31,22,65,2,319
31,22,66,2,257
31,22,67,2,318
31,22,68,2,258
31,22,69,2,317
31,22,70,2,259
31,22,71,2,316
31,22,72,2,260
31,22,73,2,315
31,22,74,2,261
31,22,75,2,314
31,22,76,2,262
31,22,77,2,313
31,22,78,2,263
31,22,79,2,312
31,22,80,2,264
31,22,81,2,311
31,22,82,2,265
31,22,83,2,310
31,22,84,2,266
31,22,85,2,309
31,22,86,2,267
31,22,87,2,308
31,22,88,2,268
31,22,89,2,307
31,22,90,2,269
31,22,91,2,306
31,22,92,2,270
31,22,93,2,305
31,22,94,2,271
31,22,95,2,304
31,22,96,2,272
31,22,97,2,303
31,22,98,2,273
31,22,99,2,302
31,22,100,2,274
31,22,101,2,301
31,22,102,2,275
31,22,103,2,300
31,22,104,2,276
31,22,105,2,299
31,22,106,2,277
31,22,107,2,298
31,22,108,2,278
31,22,109,2,297
31,22,110,2,279
31,22,111,2,296
31,22,112,2,280
31,22,113,2,295
31,22,114,2,281
31,22,115,2,294
31,22,116,2,282
31,22,117,2,293
31,22,118,2,283
31,22,119,2,292
31,22,120,2,284
31,22,121,2,291
31,22,122,2,285
31,22,123,2,290
31,22,124,2,286
31,22,125,2,289
31,22,126,2,287
31,22,127,2,288
31,21,0,3,352
31,21,1,3,351
31,21,2,3,353
31,21,3,3,350
31,21,4,3,354
31,21,5,3,349
31,21,6,3,355
31,21,7,3,348
31,21,8,3,356
31,21,9,3,347
31,21,10,3,357
31,21,11,3,346
31,21,12,3,358
31,21,13,3,345
31,21,14,3,359
31,21,15,3,344
31,21,16,3,360
31,21,17,3,343
31,21,18,3,361
31,21,19,3,342
31,21,20,3,362
31,21,21,3,341
31,21,22,3,363
31,21,23,3,340
31,21,24,3,364
31,21,25,3,339
31,21,26,3,365
31,21,27,3,338
31,21,28,3,366
31,21,29,3,337
31,21,30,3,367
31,21,31,3,336
31,21,32,3,368
31,21,33,3,335
31,21,34,3,369
31,21,35,3,334
31,21,36,3,370
31,21,37,3,333
31,21,38,3,371
31,21,39,3,332
31,21,40,3,372
31,21,41,3,331
31,21,42,3,373
31,21,43,3,330
31,21,44,3,374
31,21,45,3,329
31,21,46,3,375
31,21,47,3,328
31,21,48,3,376
31,21,49,3,327
31,21,50,3,377
31,21,51,3,326
31,21,52,3,378
31,21,53,3,325
31,21,54,3,379
31,21,55,3,324
31,21,56,3,380
31,21,57,3,323
31,21,58,3,381
31,21,59,3,322
31,21,60,3,382
31,21,61,3,321
31,21,62,3,383
31,21,63,3,320
31,21,64,3,256
31,21,65,3,319
31,21,66,3,257
31,21,67,3,318
31,21,68,3,258
31,21,69,3,317
31,21,70,3,259
31,21,71,3,316
31,21,72,3,260
31,21,73,3,315
31,21,74,3,261
31,21,75,3,314
31,21,76,3,262
31,21,77,3,313
31,21,78,3,263
31,21,79,3,312
31,21,80,3,264
31,21,81,3,311
31,21,82,3,265
31,21,83,3,310
31,21,84,3,266
31,21,85,3,309
31,21,86,3,267
31,21,87,3,308
31,21,88,3,268
31,21,89,3,307
31,21,90,3,269
31,21,91,3,306
31,21,92,3,270
31,21,93,3,305
31,21,94,3,271
31,21,95,3,304
31,21,96,3,272
31,21,97,3,303
31,21,98,3,273
31,21,99,3,302
31,21,100,3,274
31,21,101,3,301
31,21,102,3,275
31,21,103,3,300
31,21,104,3,276
31,21,105,3,299
31,21,106,3,277
31,21,107,3,298
31,21,108,3,278
31,21,109,3,297
31,21,110,3,279
31,21,111,3,296
31,21,112,3,280
31,21,113,3,295
31,21,114,3,281
31,21,115,3,294
31,21,116,3,282
31,21,117,3,293
31,21,118,3,283
31,21,119,3,292
31,21,120,3,284
31,21,121,3,291
31,21,122,3,285
31,21,123,3,290
31,21,124,3,286
31,21,125,3,289
31,21,126,3,287
31,21,127,3,288
31,20,0,4,352
31,20,1,4,351
31,20,2,4,353
31,20,3,4,350
31,20,4,4,354
31,20,5,4,349
31,20,6,4,355
31,20,7,4,348
31,20,8,4,356
31,20,9,4,347
31,20,10,4,357
31,20,11,4,346
31,20,12,4,358
31,20,13,4,345
31,20,14,4,359
31,20,15,4,344
31,20,16,4,360
31,20,17,4,343
31,20,18,4,361
31,20,19,4,342
31,20,20,4,362
31,20,21,4,341
31,20,22,4,363
31,20,23,4,340
31,20,24,4,364
31,20,25,4,339
31,20,26,4,365
31,20,27,4,338
31,20,28,4,366
31,20,29,4,337
31,20,30,4,367
31,20,31,4,336
31,20,32,4,368
31,20,33,4,335
31,20,34,4,369
31,20,35,4,334
31,20,36,4,370
31,20,37,4,333
31,20,38,4,371
31,20,39,4,332
31,20,40,4,372
31,20,41,4,331
31,20,42,4,373
31,20,43,4,330
31,20,44,4,374
31,20,45,4,329
31,20,46,4,375
31,20,47,4,328
31,20,48,4,376
31,20,49,4,327
31,20,50,4,377
31,20,51,4,326
31,20,52,4,378
31,20,53,4,325
31,20,54,4,379
31,20,55,4,324
31,20,56,4,380
31,20,57,4,323
31,20,58,4,381
31,20,59,4,322
31,20,60,4,382
31,20,61,4,321
31,20,62,4,383
31,20,63,4,320
31,20,64,4,256
31,20,65,4,319
31,20,66,4,257
31,20,67,4,318
31,20,68,4,258
31,20,69,4,317
31,20,70,4,259
31,20,71,4,316
31,20,72,4,260
31,20,73,4,315
31,20,74,4,261
31,20,75,4,314
31,20,76,4,262
31,20,77,4,313
31,20,78,4,263
31,20,79,4,312
31,20,80,4,264
31,20,81,4,311
31,20,82,4,265
31,20,83,4,310
31,20,84,4,266
31,20,85,4,309
31,20,86,4,267
31,20,87,4,308
31,20,88,4,268
31,20,89,4,307
31,20,90,4,269
31,20,91,4,306
31,20,92,4,270
31,20,93,4,305
31,20,94,4,271
31,20,95,4,304
31,20,96,4,272
31,20,97,4,303
31,20,98,4,273
31,20,99,4,302
31,20,100,4,274
31,20,101,4,301
31,20,102,4,275
31,20,103,4,300
31,20,104,4,276
31,20,105,4,299
31,20,106,4,277
31,20,107,4,298
31,20,108,4,278
31,20,109,4,297
31,20,110,4,279
31,20,111,4,296
31,20,112,4,280
31,20,113,4,295
31,20,114,4,281
31,20,115,4,294
31,20,116,4,282
31,20,117,4,293
31,20,118,4,283
31,20,119,4,292
31,20,120,4,284
31,20,121,4,291
31,20,122,4,285
31,20,123,4,290
31,20,124,4,286
31,20,125,4,289
31,20,126,4,287
31,20,127,4,288
31,19,0,5,320
31,19,1,5,319
31,19,2,5,321
31,19,3,5,318
31,19,4,5,322
31,19,5,5,317
31,19,6,5,323
31,19,7,5,316
31,19,8,5,324
31,19,9,5,315
31,19,10,5,325
31,19,11,5,314
31,19,12,5,326
31,19,13,5,313
31,19,14,5,327
31,19,15,5,312
31,19,16,5,328
31,19,17,5,311
31,19,18,5,329
31,19,19,5,310
31,19,20,5,330
31,19,21,5,309
31,19,22,5,331
31,19,23,5,308
31,19,24,5,332
31,19,25,5,307
31,19,26,5,333
31,19,27,5,306
31,19,28,5,334
31,19,29,5,305
31,19,30,5,335
31,19,31,5,304
31,19,32,5,336
31,19,33,5,303
31,19,34,5,337
31,19,35,5,302
31,19,36,5,338
31,19,37,5,301
31,19,38,5,339
31,19,39,5,300
31,19,40,5,340
31,19,41,5,299
31,19,42,5,341
31,19,43,5,298
31,19,44,5,342
31,19,45,5,297
31,19,46,5,343
31,19,47,5,296
31,19,48,5,344
31,19,49,5,295
31,19,50,5,345
31,19,51,5,294
31,19,52,5,346
31,19,53,5,293
31,19,54,5,347
31,19,55,5,292
31,19,56,5,348
31,19,57,5,291
31,19,58,5,349
31,19,59,5,290
31,19,60,5,350
31,19,61,5,289
31,19,62,5,351
31,19,63,5,288
31,19,64,5,352
31,19,65,5,287
31,19,66,5,353
31,19,67,5,286
31,19,68,5,354
31,19,69,5,285
31,19,70,5,355
31,19,71,5,284
31,19,72,5,356
31,19,73,5,283
31,19,74,5,357
31,19,75,5,282
31,19,76,5,358
31,19,77,5,281
31,19,78,5,359
31,19,79,5,280
31,19,80,5,360
31,19,81,5,279
31,19,82,5,361
31,19,83,5,278
31,19,84,5,362
31,19,85,5,277
31,19,86,5,363
31,19,87,5,276
31,19,88,5,364
31,19,89,5,275
31,19,90,5,365
31,19,91,5,274
31,19,92,5,366
31,19,93,5,273
31,19,94,5,367
31,19,95,5,272
31,19,96,5,368
31,19,97,5,271
31,19,98,5,369
31,19,99,5,270
31,19,100,5,370
31,19,101,5,269
31,19,102,5,371
31,19,103,5,268
31,19,104,5,372
31,19,105,5,267
31,19,106,5,373
31,19,107,5,266
31,19,108,5,374
31,19,109,5,265
31,19,110,5,375
31,19,111,5,264
31,19,112,5,376
31,19,113,5,263
31,19,114,5,377
31,19,115,5,262
31,19,116,5,378
31,19,117,5,261
31,19,118,5,379
31,19,119,5,260
31,19,120,5,380
31,19,121,5,259
31,19,122,5,381
31,19,123,5,258
31,19,124,5,382
31,19,125,5,257
31,19,126,5,383
31,19,127,5,256
31,18,0,6,320
31,18,1,6,319
31,18,2,6,321
31,18,3,6,318
31,18,4,6,322
31,18,5,6,317
31,18,6,6,323
31,18,7,6,316
31,18,8,6,324
31,18,9,6,315
31,18,10,6,325
31,18,11,6,314
31,18,12,6,326
31,18,13,6,313
31,18,14,6,327
31,18,15,6,312
31,18,16,6,328
31,18,17,6,311
31,18,18,6,329
31,18,19,6,310
31,18,20,6,330
31,18,21,6,309
31,18,22,6,331
31,18,23,6,308
31,18,24,6,332
31,18,25,6,307
31,18,26,6,333
31,18,27,6,306
31,18,28,6,334
31,18,29,6,305
31,18,30,6,335
31,18,31,6,304
31,18,32,6,336
31,18,33,6,303
31,18,34,6,337
31,18,35,6,302
31,18,36,6,338
31,18,37,6,301
31,18,38,6,339
31,18,39,6,300
31,18,40,6,340
31,18,41,6,299
31,18,42,6,341
31,18,43,6,298
31,18,44,6,342
31,18,45,6,297
31,18,46,6,343
31,18,47,6,296
31,18,48,6,344
31,18,49,6,295
31,18,50,6,345
31,18,51,6,294
31,18,52,6,346
31,18,53,6,293
31,18,54,6,347
31,18,55,6,292
31,18,56,6,348
31,18,57,6,291
31,18,58,6,349
31,18,59,6,290
31,18,60,6,350
31,18,61,6,289
31,18,62,6,351
31,18,63,6,288
31,18,64,6,352
31,18,65,6,287
31,18,66,6,353
31,18,67,6,286
31,18,68,6,354
31,18,69,6,285
31,18,70,6,355
31,18,71,6,284
31,18,72,6,356
31,18,73,6,283
31,18,74,6,357
31,18,75,6,282
31,18,76,6,358
31,18,77,6,281
31,18,78,6,359
31,18,79,6,280
31,18,80,6,360
31,18,81,6,279
31,18,82,6,361
31,18,83,6,278
31,18,84,6,362
31,18,85,6,277
31,18,86,6,363
31,18,87,6,276
31,18,88,6,364
31,18,89,6,275
31,18,90,6,365
31,18,91,6,274
31,18,92,6,366
31,18,93,6,273
31,18,94,6,367
31,18,95,6,272
31,18,96,6,368
31,18,97,6,271
31,18,98,6,369
31,18,99,6,270
31,18,100,6,370
31,18,101,6,269
31,18,102,6,371
31,18,103,6,268
31,18,104,6,372
31,18,105,6,267
31,18,106,6,373
31,18,107,6,266
31,18,108,6,374
31,18,109,6,265
31,18,110,6,375
31,18,111,6,264
31,18,112,6,376
31,18,113,6,263
31,18,114,6,377
31,18,115,6,262
31,18,116,6,378
31,18,117,6,261
31,18,118,6,379
31,18,119,6,260
31,18,120,6,380
31,18,121,6,259
31,18,122,6,381
31,18,123,6,258
31,18,124,6,382
31,18,125,6,257
31,18,126,6,383
31,18,127,6,256
31,17,0,7,320
31,17,1,7,319
31,17,2,7,321
31,17,3,7,318
31,17,4,7,322
31,17,5,7,317
31,17,6,7,323
31,17,7,7,316
31,17,8,7,324
31,17,9,7,315
31,17,10,7,325
31,17,11,7,314
31,17,12,7,326
31,17,13,7,313
31,17,14,7,327
31,17,15,7,312
31,17,16,7,328
31,17,17,7,311
31,17,18,7,329
31,17,19,7,310
31,17,20,7,330
31,17,21,7,309
31,17,22,7,331
31,17,23,7,308
31,17,24,7,332
31,17,25,7,307
31,17,26,7,333
31,17,27,7,306
31,17,28,7,334
31,17,29,7,305
31,17,30,7,335
31,17,31,7,304
31,17,32,7,336
31,17,33,7,303
31,17,34,7,337
31,17,35,7,302
31,17,36,7,338
31,17,37,7,301
31,17,38,7,339
31,17,39,7,300
31,17,40,7,340
31,17,41,7,299
31,17,42,7,341
31,17,43,7,298
31,17,44,7,342
31,17,45,7,297
31,17,46,7,343
31,17,47,7,296
31,17,48,7,344
31,17,49,7,295
31,17,50,7,345
31,17,51,7,294
31,17,52,7,346
31,17,53,7,293
31,17,54,7,347
31,17,55,7,292
31,17,56,7,348
31,17,57,7,291
31,17,58,7,349
31,17,59,7,290
31,17,60,7,350
31,17,61,7,289
31,17,62,7,351
31,17,63,7,288
31,17,64,7,352
31,17,65,7,287
31,17,66,7,353
31,17,67,7,286
31,17,68,7,354
31,17,69,7,285
31,17,70,7,355
31,17,71,7,284
31,17,72,7,356
31,17,73,7,283
31,17,74,7,357
31,17,75,7,282
31,17,76,7,358
31,17,77,7,281
31,17,78,7,359
31,17,79,7,280
31,17,80,7,360
31,17,81,7,279
31,17,82,7,361
31,17,83,7,278
31,17,84,7,362
31,17,85,7,277
31,17,86,7,363
31,17,87,7,276
31,17,88,7,364
31,17,89,7,275
31,17,90,7,365
31,17,91,7,274
31,17,92,7,366
31,17,93,7,273
31,17,94,7,367
31,17,95,7,272
31,17,96,7,368
31,17,97,7,271
31,17,98,7,369
31,17,99,7,270
31,17,100,7,370
31,17,101,7,269
31,17,102,7,371
31,17,103,7,268
31,17,104,7,372
31,17,105,7,267
31,17,106,7,373
31,17,107,7,266
31,17,108,7,374
31,17,109,7,265
31,17,110,7,375
31,17,111,7,264
31,17,112,7,376
31,17,113,7,263
31,17,114,7,377
31,17,115,7,262
31,17,116,7,378
31,17,117,7,261
31,17,118,7,379
31,17,119,7,260
31,17,120,7,380
31,17,121,7,259
31,17,122,7,381
31,17,123,7,258
31,17,124,7,382
31,17,125,7,257
31,17,126,7,383
31,17,127,7,256
31,16,0,8,320
31,16,1,8,319
31,16,2,8,321
31,16,3,8,318
31,16,4,8,322
31,16,5,8,317
31,16,6,8,323
31,16,7,8,316
31,16,8,8,324
31,16,9,8,315
31,16,10,8,325
31,16,11,8,314
31,16,12,8,326
31,16,13,8,313
31,16,14,8,327
31,16,15,8,312
31,16,16,8,328
31,16,17,8,311
31,16,18,8,329
31,16,19,8,310
31,16,20,8,330
31,16,21,8,309
31,16,22,8,331
31,16,23,8,308
31,16,24,8,332
31,16,25,8,307
31,16,26,8,333
31,16,27,8,306
31,16,28,8,334
31,16,29,8,305
31,16,30,8,335
31,16,31,8,304
31,16,32,8,336
31,16,33,8,303
31,16,34,8,337
31,16,35,8,302
31,16,36,8,338
31,16,37,8,301
31,16,38,8,339
31,16,39,8,300
31,16,40,8,340
31,16,41,8,299
31,16,42,8,341
31,16,43,8,298
31,16,44,8,342
31,16,45,8,297
31,16,46,8,343
31,16,47,8,296
31,16,48,8,344
31,16,49,8,295
31,16,50,8,345
31,16,51,8,294
31,16,52,8,346
31,16,53,8,293
31,16,54,8,347
31,16,55,8,292
31,16,56,8,348
31,16,57,8,291
31,16,58,8,349
31,16,59,8,290
31,16,60,8,350
31,16,61,8,289
31,16,62,8,351
31,16,63,8,288
31,16,64,8,352
31,16,65,8,287
31,16,66,8,353
31,16,67,8,286
31,16,68,8,354
31,16,69,8,285
31,16,70,8,355
31,16,71,8,284
31,16,72,8,356
31,16,73,8,283
31,16,74,8,357
31,16,75,8,282
31,16,76,8,358
31,16,77,8,281
31,16,78,8,359
31,16,79,8,280
31,16,80,8,360
31,16,81,8,279
31,16,82,8,361
31,16,83,8,278
31,16,84,8,362
31,16,85,8,277
31,16,86,8,363
31,16,87,8,276
31,16,88,8,364
31,16,89,8,275
31,16,90,8,365
31,16,91,8,274
31,16,92,8,366
31,16,93,8,273
31,16,94,8,367
31,16,95,8,272
31,16,96,8,368
31,16,97,8,271
31,16,98,8,369
31,16,99,8,270
31,16,100,8,370
31,16,101,8,269
31,16,102,8,371
31,16,103,8,268
31,16,104,8,372
31,16,105,8,267
31,16,106,8,373
31,16,107,8,266
31,16,108,8,374
31,16,109,8,265
31,16,110,8,375
31,16,111,8,264
31,16,112,8,376
31,16,113,8,263
31,16,114,8,377
31,16,115,8,262
31,16,116,8,378
31,16,117,8,261
31,16,118,8,379
31,16,119,8,260
31,16,120,8,380
31,16,121,8,259
31,16,122,8,381
31,16,123,8,258
31,16,124,8,382
31,16,125,8,257
31,16,126,8,383
31,16,127,8,256
31,15,0,1,224
31,15,1,1,223
31,15,2,1,225
31,15,3,1,222
31,15,4,1,226
31,15,5,1,221
31,15,6,1,227
31,15,7,1,220
31,15,8,1,228
31,15,9,1,219
31,15,10,1,229
31,15,11,1,218
31,15,12,1,230
31,15,13,1,217
31,15,14,1,231
31,15,15,1,216
31,15,16,1,232
31,15,17,1,215
31,15,18,1,233
31,15,19,1,214
31,15,20,1,234
31,15,21,1,213
31,15,22,1,235
31,15,23,1,212
31,15,24,1,236
31,15,25,1,211
31,15,26,1,237
31,15,27,1,210
31,15,28,1,238
31,15,29,1,209
31,15,30,1,239
31,15,31,1,208
31,15,32,1,240
31,15,33,1,207
31,15,34,1,241
31,15,35,1,206
31,15,36,1,242
31,15,37,1,205
31,15,38,1,243
31,15,39,1,204
31,15,40,1,244
31,15,41,1,203
31,15,42,1,245
31,15,43,1,202
31,15,44,1,246
31,15,45,1,201
31,15,46,1,247
31,15,47,1,200
31,15,48,1,248
31,15,49,1,199
31,15,50,1,249
31,15,51,1,198
31,15,52,1,250
31,15,53,1,197
31,15,54,1,251
31,15,55,1,196
31,15,56,1,252
31,15,57,1,195
31,15,58,1,253
31,15,59,1,194
31,15,60,1,254
31,15,61,1,193
31,15,62,1,255
31,15,63,1,192
31,15,64,1,128
31,15,65,1,191
31,15,66,1,129
31,15,67,1,190
31,15,68,1,130
31,15,69,1,189
31,15,70,1,131
31,15,71,1,188
31,15,72,1,132
31,15,73,1,187
31,15,74,1,133
31,15,75,1,186
31,15,76,1,134
31,15,77,1,185
31,15,78,1,135
31,15,79,1,184
31,15,80,1,136
31,15,81,1,183
31,15,82,1,137
31,15,83,1,182
31,15,84,1,138
31,15,85,1,181
31,15,86,1,139
31,15,87,1,180
31,15,88,1,140
31,15,89,1,179
31,15,90,1,141
31,15,91,1,178
31,15,92,1,142
31,15,93,1,177
31,15,94,1,143
31,15,95,1,176
31,15,96,1,144
31,15,97,1,175
31,15,98,1,145
31,15,99,1,174
31,15,100,1,146
31,15,101,1,173
31,15,102,1,147
31,15,103,1,172
31,15,104,1,148
31,15,105,1,171
31,15,106,1,149
31,15,107,1,170
31,15,108,1,150
31,15,109,1,169
31,15,110,1,151
31,15,111,1,168
31,15,112,1,152
31,15,113,1,167
31,15,114,1,153
31,15,115,1,166
31,15,116,1,154
31,15,117,1,165
31,15,118,1,155
31,15,119,1,164
31,15,120,1,156
31,15,121,1,163
31,15,122,1,157
31,15,123,1,162
31,15,124,1,158
31,15,125,1,161
31,15,126,1,159
31,15,127,1,160
31,14,0,2,224
31,14,1,2,223
31,14,2,2,225
31,14,3,2,222
31,14,4,2,226
31,14,5,2,221
31,14,6,2,227
31,14,7,2,220
31,14,8,2,228
31,14,9,2,219
31,14,10,2,229
31,14,11,2,218
31,14,12,2,230
31,14,13,2,217
31,14,14,2,231
31,14,15,2,216
31,14,16,2,232
31,14,17,2,215
31,14,18,2,233
31,14,19,2,214
31,14,20,2,234
31,14,21,2,213
31,14,22,2,235
31,14,23,2,212
31,14,24,2,236
31,14,25,2,211
31,14,26,2,237
31,14,27,2,210
31,14,28,2,238
31,14,29,2,209
31,14,30,2,239
31,14,31,2,208
31,14,32,2,240
31,14,33,2,207
31,14,34,2,241
31,14,35,2,206
31,14,36,2,242
31,14,37,2,205
31,14,38,2,243
31,14,39,2,204
31,14,40,2,244
31,14,41,2,203
31,14,42,2,245
31,14,43,2,202
31,14,44,2,246
31,14,45,2,201
31,14,46,2,247
31,14,47,2,200
31,14,48,2,248
31,14,49,2,199
31,14,50,2,249
31,14,51,2,198
31,14,52,2,250
31,14,53,2,197
31,14,54,2,251
31,14,55,2,196
31,14,56,2,252
31,14,57,2,195
31,14,58,2,253
31,14,59,2,194
31,14,60,2,254
31,14,61,2,193
31,14,62,2,255
31,14,63,2,192
31,14,64,2,128
31,14,65,2,191
31,14,66,2,129
31,14,67,2,190
31,14,68,2,130
31,14,69,2,189
31,14,70,2,131
31,14,71,2,188
31,14,72,2,132
31,14,73,2,187
31,14,74,2,133
31,14,75,2,186
31,14,76,2,134
31,14,77,2,185
31,14,78,2,135
31,14,79,2,184
31,14,80,2,136
31,14,81,2,183
31,14,82,2,137
31,14,83,2,182
31,14,84,2,138
31,14,85,2,181
31,14,86,2,139
31,14,87,2,180
31,14,88,2,140
31,14,89,2,179
31,14,90,2,141
31,14,91,2,178
31,14,92,2,142
31,14,93,2,177
31,14,94,2,143
31,14,95,2,176
31,14,96,2,144
31,14,97,2,175
31,14,98,2,145
31,14,99,2,174
31,14,100,2,146
31,14,101,2,173
31,14,102,2,147
31,14,103,2,172
31,14,104,2,148
31,14,105,2,171
31,14,106,2,149
31,14,107,2,170
31,14,108,2,150
31,14,109,2,169
31,14,110,2,151
31,14,111,2,168
31,14,112,2,152
31,14,113,2,167
31,14,114,2,153
31,14,115,2,166
31,14,116,2,154
31,14,117,2,165
31,14,118,2,155
31,14,119,2,164
31,14,120,2,156
31,14,121,2,163
31,14,122,2,157
31,14,123,2,162
31,14,124,2,158
31,14,125,2,161
31,14,126,2,159
31,14,127,2,160
31,13,0,3,224
31,13,1,3,223
31,13,2,3,225
31,13,3,3,222
31,13,4,3,226
31,13,5,3,221
31,13,6,3,227
31,13,7,3,220
31,13,8,3,228
31,13,9,3,219
31,13,10,3,229
31,13,11,3,218
31,13,12,3,230
31,13,13,3,217
31,13,14,3,231
31,13,15,3,216
31,13,16,3,232
31,13,17,3,215
31,13,18,3,233
31,13,19,3,214
31,13,20,3,234
31,13,21,3,213
31,13,22,3,235
31,13,23,3,212
31,13,24,3,236
31,13,25,3,211
31,13,26,3,237
31,13,27,3,210
31,13,28,3,238
31,13,29,3,209
31,13,30,3,239
31,13,31,3,208
31,13,32,3,240
31,13,33,3,207
31,13,34,3,241
31,13,35,3,206
31,13,36,3,242
31,13,37,3,205
31,13,38,3,243
31,13,39,3,204
31,13,40,3,244
31,13,41,3,203
31,13,42,3,245
31,13,43,3,202
31,13,44,3,246
31,13,45,3,201
31,13,46,3,247
31,13,47,3,200
31,13,48,3,248
31,13,49,3,199
31,13,50,3,249
31,13,51,3,198
31,13,52,3,250
31,13,53,3,197
31,13,54,3,251
31,13,55,3,196
31,13,56,3,252
31,13,57,3,195
31,13,58,3,253
31,13,59,3,194
31,13,60,3,254
31,13,61,3,193
31,13,62,3,255
31,13,63,3,192
31,13,64,3,128
31,13,65,3,191
31,13,66,3,129
31,13,67,3,190
31,13,68,3,130
31,13,69,3,189
31,13,70,3,131
31,13,71,3,188
31,13,72,3,132
31,13,73,3,187
31,13,74,3,133
31,13,75,3,186
31,13,76,3,134
31,13,77,3,185
31,13,78,3,135
31,13,79,3,184
31,13,80,3,136
31,13,81,3,183
31,13,82,3,137
31,13,83,3,182
31,13,84,3,138
31,13,85,3,181
31,13,86,3,139
31,13,87,3,180
31,13,88,3,140
31,13,89,3,179
31,13,90,3,141
31,13,91,3,178
31,13,92,3,142
31,13,93,3,177
31,13,94,3,143
31,13,95,3,176
31,13,96,3,144
31,13,97,3,175
31,13,98,3,145
31,13,99,3,174
31,13,100,3,146
31,13,101,3,173
31,13,102,3,147
31,13,103,3,172
31,13,104,3,148
31,13,105,3,171
31,13,106,3,149
31,13,107,3,170
31,13,108,3,150
31,13,109,3,169
31,13,110,3,151
31,13,111,3,168
31,13,112,3,152
31,13,113,3,167
31,13,114,3,153
31,13,115,3,166
31,13,116,3,154
31,13,117,3,165
31,13,118,3,155
31,13,119,3,164
31,13,120,3,156
31,13,121,3,163
31,13,122,3,157
31,13,123,3,162
31,13,124,3,158
31,13,125,3,161
31,13,126,3,159
31,13,127,3,160
31,12,0,4,128
31,12,1,4,255
31,12,2,4,129
31,12,3,4,254
31,12,4,4,130
31,12,5,4,253
31,12,6,4,131
31,12,7,4,252
31,12,8,4,132
31,12,9,4,251
31,12,10,4,133
31,12,11,4,250
31,12,12,4,134
31,12,13,4,249
31,12,14,4,135
31,12,15,4,248
31,12,16,4,136
31,12,17,4,247
31,12,18,4,137
31,12,19,4,246
31,12,20,4,138
31,12,21,4,245
31,12,22,4,139
31,12,23,4,244
31,12,24,4,140
31,12,25,4,243
31,12,26,4,141
31,12,27,4,242
31,12,28,4,142
31,12,29,4,241
31,12,30,4,143
31,12,31,4,240
31,12,32,4,144
31,12,33,4,239
31,12,34,4,145
31,12,35,4,238
31,12,36,4,146
31,12,37,4,237
31,12,38,4,147
31,12,39,4,236
31,12,40,4,148
31,12,41,4,235
31,12,42,4,149
31,12,43,4,234
31,12,44,4,150
31,12,45,4,233
31,12,46,4,151
31,12,47,4,232
31,12,48,4,152
31,12,49,4,231
31,12,50,4,153
31,12,51,4,230
31,12,52,4,154
31,12,53,4,229
31,12,54,4,155
31,12,55,4,228
31,12,56,4,156
31,12,57,4,227
31,12,58,4,157
31,12,59,4,226
31,12,60,4,158
31,12,61,4,225
31,12,62,4,159
31,12,63,4,224
31,12,64,4,160
31,12,65,4,223
31,12,66,4,161
31,12,67,4,222
31,12,68,4,162
31,12,69,4,221
31,12,70,4,163
31,12,71,4,220
31,12,72,4,164
31,12,73,4,219
31,12,74,4,165
31,12,75,4,218
31,12,76,4,166
31,12,77,4,217
31,12,78,4,167
31,12,79,4,216
31,12,80,4,168
31,12,81,4,215
31,12,82,4,169
31,12,83,4,214
31,12,84,4,170
31,12,85,4,213
31,12,86,4,171
31,12,87,4,212
31,12,88,4,172
31,12,89,4,211
31,12,90,4,173
31,12,91,4,210
31,12,92,4,174
31,12,93,4,209
31,12,94,4,175
31,12,95,4,208
31,12,96,4,176
31,12,97,4,207
31,12,98,4,177
31,12,99,4,206
31,12,100,4,178
31,12,101,4,205
31,12,102,4,179
31,12,103,4,204
31,12,104,4,180
31,12,105,4,203
31,12,106,4,181
31,12,107,4,202
31,12,108,4,182
31,12,109,4,201
31,12,110,4,183
31,12,111,4,200
31,12,112,4,184
31,12,113,4,199
31,12,114,4,185
31,12,115,4,198
31,12,116,4,186
31,12,117,4,197
31,12,118,4,187
31,12,119,4,196
31,12,120,4,188
31,12,121,4,195
31,12,122,4,189
31,12,123,4,194
31,12,124,4,190
31,12,125,4,193
31,12,126,4,191
31,12,127,4,192
31,11,0,5,224
31,11,1,5,223
31,11,2,5,225
31,11,3,5,222
31,11,4,5,226
31,11,5,5,221
31,11,6,5,227
31,11,7,5,220
31,11,8,5,228
31,11,9,5,219
31,11,10,5,229
31,11,11,5,218
31,11,12,5,230
31,11,13,5,217
31,11,14,5,231
31,11,15,5,216
31,11,16,5,232
31,11,17,5,215
31,11,18,5,233
31,11,19,5,214
31,11,20,5,234
31,11,21,5,213
31,11,22,5,235
31,11,23,5,212
31,11,24,5,236
31,11,25,5,211
31,11,26,5,237
31,11,27,5,210
31,11,28,5,238
31,11,29,5,209
31,11,30,5,239
31,11,31,5,208
31,11,32,5,240
31,11,33,5,207
31,11,34,5,241
31,11,35,5,206
31,11,36,5,242
31,11,37,5,205
31,11,38,5,243
31,11,39,5,204
31,11,40,5,244
31,11,41,5,203
31,11,42,5,245
31,11,43,5,202
31,11,44,5,246
31,11,45,5,201
31,11,46,5,247
31,11,47,5,200
31,11,48,5,248
31,11,49,5,199
31,11,50,5,249
31,11,51,5,198
31,11,52,5,250
31,11,53,5,197
31,11,54,5,251
31,11,55,5,196
31,11,56,5,252
31,11,57,5,195
31,11,58,5,253
31,11,59,5,194
31,11,60,5,254
31,11,61,5,193
31,11,62,5,255
31,11,63,5,192
31,11,64,5,128
31,11,65,5,191
31,11,66,5,129
31,11,67,5,190
31,11,68,5,130
31,11,69,5,189
31,11,70,5,131
31,11,71,5,188
31,11,72,5,132
31,11,73,5,187
31,11,74,5,133
31,11,75,5,186
31,11,76,5,134
31,11,77,5,185
31,11,78,5,135
31,11,79,5,184
31,11,80,5,136
31,11,81,5,183
31,11,82,5,137
31,11,83,5,182
31,11,84,5,138
31,11,85,5,181
31,11,86,5,139
31,11,87,5,180
31,11,88,5,140
31,11,89,5,179
31,11,90,5,141
31,11,91,5,178
31,11,92,5,142
31,11,93,5,177
31,11,94,5,143
31,11,95,5,176
31,11,96,5,144
31,11,97,5,175
31,11,98,5,145
31,11,99,5,174
31,11,100,5,146
31,11,101,5,173
31,11,102,5,147
31,11,103,5,172
31,11,104,5,148
31,11,105,5,171
31,11,106,5,149
31,11,107,5,170
31,11,108,5,150
31,11,109,5,169
31,11,110,5,151
31,11,111,5,168
31,11,112,5,152
31,11,113,5,167
31,11,114,5,153
31,11,115,5,166
31,11,116,5,154
31,11,117,5,165
31,11,118,5,155
31,11,119,5,164
31,11,120,5,156
31,11,121,5,163
31,11,122,5,157
31,11,123,5,162
31,11,124,5,158
31,11,125,5,161
31,11,126,5,159
31,11,127,5,160
31,10,0,6,128
31,10,1,6,255
31,10,2,6,129
31,10,3,6,254
31,10,4,6,130
31,10,5,6,253
31,10,6,6,131
31,10,7,6,252
31,10,8,6,132
31,10,9,6,251
31,10,10,6,133
31,10,11,6,250
31,10,12,6,134
31,10,13,6,249
31,10,14,6,135
31,10,15,6,248
31,10,16,6,136
31,10,17,6,247
31,10,18,6,137
31,10,19,6,246
31,10,20,6,138
31,10,21,6,245
31,10,22,6,139
31,10,23,6,244
31,10,24,6,140
31,10,25,6,243
31,10,26,6,141
31,10,27,6,242
31,10,28,6,142
31,10,29,6,241
31,10,30,6,143
31,10,31,6,240
31,10,32,6,144
31,10,33,6,239
31,10,34,6,145
31,10,35,6,238
31,10,36,6,146
31,10,37,6,237
31,10,38,6,147
31,10,39,6,236
31,10,40,6,148
31,10,41,6,235
31,10,42,6,149
31,10,43,6,234
31,10,44,6,150
31,10,45,6,233
31,10,46,6,151
31,10,47,6,232
31,10,48,6,152
31,10,49,6,231
31,10,50,6,153
31,10,51,6,230
31,10,52,6,154
31,10,53,6,229
31,10,54,6,155
31,10,55,6,228
31,10,56,6,156
31,10,57,6,227
31,10,58,6,157
31,10,59,6,226
31,10,60,6,158
31,10,61,6,225
31,10,62,6,159
31,10,63,6,224
31,10,64,6,160
31,10,65,6,223
31,10,66,6,161
31,10,67,6,222
31,10,68,6,162
31,10,69,6,221
31,10,70,6,163
31,10,71,6,220
31,10,72,6,164
31,10,73,6,219
31,10,74,6,165
31,10,75,6,218
31,10,76,6,166
31,10,77,6,217
31,10,78,6,167
31,10,79,6,216
31,10,80,6,168
31,10,81,6,215
31,10,82,6,169
31,10,83,6,214
31,10,84,6,170
31,10,85,6,213
31,10,86,6,171
31,10,87,6,212
31,10,88,6,172
31,10,89,6,211
31,10,90,6,173
31,10,91,6,210
31,10,92,6,174
31,10,93,6,209
31,10,94,6,175
31,10,95,6,208
31,10,96,6,176
31,10,97,6,207
31,10,98,6,177
31,10,99,6,206
31,10,100,6,178
31,10,101,6,205
31,10,102,6,179
31,10,103,6,204
31,10,104,6,180
31,10,105,6,203
31,10,106,6,181
31,10,107,6,202
31,10,108,6,182
31,10,109,6,201
31,10,110,6,183
31,10,111,6,200
31,10,112,6,184
31,10,113,6,199
31,10,114,6,185
31,10,115,6,198
31,10,116,6,186
31,10,117,6,197
31,10,118,6,187
31,10,119,6,196
31,10,120,6,188
31,10,121,6,195
31,10,122,6,189
31,10,123,6,194
31,10,124,6,190
31,10,125,6,193
31,10,126,6,191
31,10,127,6,192
31,9,0,7,224
31,9,1,7,223
31,9,2,7,225
31,9,3,7,222
31,9,4,7,226
31,9,5,7,221
31,9,6,7,227
31,9,7,7,220
31,9,8,7,228
31,9,9,7,219
31,9,10,7,229
31,9,11,7,218
31,9,12,7,230
31,9,13,7,217
31,9,14,7,231
31,9,15,7,216
31,9,16,7,232
31,9,17,7,215
31,9,18,7,233
31,9,19,7,214
31,9,20,7,234
31,9,21,7,213
31,9,22,7,235
31,9,23,7,212
31,9,24,7,236
31,9,25,7,211
31,9,26,7,237
31,9,27,7,210
31,9,28,7,238
31,9,29,7,209
31,9,30,7,239
31,9,31,7,208
31,9,32,7,240
31,9,33,7,207
31,9,34,7,241
31,9,35,7,206
31,9,36,7,242
31,9,37,7,205
31,9,38,7,243
31,9,39,7,204
31,9,40,7,244
31,9,41,7,203
31,9,42,7,245
31,9,43,7,202
31,9,44,7,246
31,9,45,7,201
31,9,46,7,247
31,9,47,7,200
31,9,48,7,248
31,9,49,7,199
31,9,50,7,249
31,9,51,7,198
31,9,52,7,250
31,9,53,7,197
31,9,54,7,251
31,9,55,7,196
31,9,56,7,252
31,9,57,7,195
31,9,58,7,253
31,9,59,7,194
31,9,60,7,254
31,9,61,7,193
31,9,62,7,255
31,9,63,7,192
31,9,64,7,128
31,9,65,7,191
31,9,66,7,129
31,9,67,7,190
31,9,68,7,130
31,9,69,7,189
31,9,70,7,131
31,9,71,7,188
31,9,72,7,132
31,9,73,7,187
31,9,74,7,133
31,9,75,7,186
31,9,76,7,134
31,9,77,7,185
31,9,78,7,135
31,9,79,7,184
31,9,80,7,136
31,9,81,7,183
31,9,82,7,137
31,9,83,7,182
31,9,84,7,138
31,9,85,7,181
31,9,86,7,139
31,9,87,7,180
31,9,88,7,140
31,9,89,7,179
31,9,90,7,141
31,9,91,7,178
31,9,92,7,142
31,9,93,7,177
31,9,94,7,143
31,9,95,7,176
31,9,96,7,144
31,9,97,7,175
31,9,98,7,145
31,9,99,7,174
31,9,100,7,146
31,9,101,7,173
31,9,102,7,147
31,9,103,7,172
31,9,104,7,148
31,9,105,7,171
31,9,106,7,149
31,9,107,7,170
31,9,108,7,150
31,9,109,7,169
31,9,110,7,151
31,9,111,7,168
31,9,112,7,152
31,9,113,7,167
31,9,114,7,153
31,9,115,7,166
31,9,116,7,154
31,9,117,7,165
31,9,118,7,155
31,9,119,7,164
31,9,120,7,156
31,9,121,7,163
31,9,122,7,157
31,9,123,7,162
31,9,124,7,158
31,9,125,7,161
31,9,126,7,159
31,9,127,7,160
31,8,0,8,224
31,8,1,8,223
31,8,2,8,225
31,8,3,8,222
31,8,4,8,226
31,8,5,8,221
31,8,6,8,227
31,8,7,8,220
31,8,8,8,228
31,8,9,8,219
31,8,10,8,229
31,8,11,8,218
31,8,12,8,230
31,8,13,8,217
31,8,14,8,231
31,8,15,8,216
31,8,16,8,232
31,8,17,8,215
31,8,18,8,233
31,8,19,8,214
31,8,20,8,234
31,8,21,8,213
31,8,22,8,235
31,8,23,8,212
31,8,24,8,236
31,8,25,8,211
31,8,26,8,237
31,8,27,8,210
31,8,28,8,238
31,8,29,8,209
31,8,30,8,239
31,8,31,8,208
31,8,32,8,240
31,8,33,8,207
31,8,34,8,241
31,8,35,8,206
31,8,36,8,242
31,8,37,8,205
31,8,38,8,243
31,8,39,8,204
31,8,40,8,244
31,8,41,8,203
31,8,42,8,245
31,8,43,8,202
31,8,44,8,246
31,8,45,8,201
31,8,46,8,247
31,8,47,8,200
31,8,48,8,248
31,8,49,8,199
31,8,50,8,249
31,8,51,8,198
31,8,52,8,250
31,8,53,8,197
31,8,54,8,251
31,8,55,8,196
31,8,56,8,252
31,8,57,8,195
31,8,58,8,253
31,8,59,8,194
31,8,60,8,254
31,8,61,8,193
31,8,62,8,255
31,8,63,8,192
31,8,64,8,128
31,8,65,8,191
31,8,66,8,129
31,8,67,8,190
31,8,68,8,130
31,8,69,8,189
31,8,70,8,131
31,8,71,8,188
31,8,72,8,132
31,8,73,8,187
31,8,74,8,133
31,8,75,8,186
31,8,76,8,134
31,8,77,8,185
31,8,78,8,135
31,8,79,8,184
31,8,80,8,136
31,8,81,8,183
31,8,82,8,137
31,8,83,8,182
31,8,84,8,138
31,8,85,8,181
31,8,86,8,139
31,8,87,8,180
31,8,88,8,140
31,8,89,8,179
31,8,90,8,141
31,8,91,8,178
31,8,92,8,142
31,8,93,8,177
31,8,94,8,143
31,8,95,8,176
31,8,96,8,144
31,8,97,8,175
31,8,98,8,145
31,8,99,8,174
31,8,100,8,146
31,8,101,8,173
31,8,102,8,147
31,8,103,8,172
31,8,104,8,148
31,8,105,8,171
31,8,106,8,149
31,8,107,8,170
31,8,108,8,150
31,8,109,8,169
31,8,110,8,151
31,8,111,8,168
31,8,112,8,152
31,8,113,8,167
31,8,114,8,153
31,8,115,8,166
31,8,116,8,154
31,8,117,8,165
31,8,118,8,155
31,8,119,8,164
31,8,120,8,156
31,8,121,8,163
31,8,122,8,157
31,8,123,8,162
31,8,124,8,158
31,8,125,8,161
31,8,126,8,159
31,8,127,8,160
31,7,0,1,96
31,7,1,1,95
31,7,2,1,97
31,7,3,1,94
31,7,4,1,98
31,7,5,1,93
31,7,6,1,99
31,7,7,1,92
31,7,8,1,100
31,7,9,1,91
31,7,10,1,101
31,7,11,1,90
31,7,12,1,102
31,7,13,1,89
31,7,14,1,103
31,7,15,1,88
31,7,16,1,104
31,7,17,1,87
31,7,18,1,105
31,7,19,1,86
31,7,20,1,106
31,7,21,1,85
31,7,22,1,107
31,7,23,1,84
31,7,24,1,108
31,7,25,1,83
31,7,26,1,109
31,7,27,1,82
31,7,28,1,110
31,7,29,1,81
31,7,30,1,111
31,7,31,1,80
31,7,32,1,112
31,7,33,1,79
31,7,34,1,113
31,7,35,1,78
31,7,36,1,114
31,7,37,1,77
31,7,38,1,115
31,7,39,1,76
31,7,40,1,116
31,7,41,1,75
31,7,42,1,117
31,7,43,1,74
31,7,44,1,118
31,7,45,1,73
31,7,46,1,119
31,7,47,1,72
31,7,48,1,120
31,7,49,1,71
31,7,50,1,121
31,7,51,1,70
31,7,52,1,122
31,7,53,1,69
31,7,54,1,123
31,7,55,1,68
31,7,56,1,124
31,7,57,1,67
31,7,58,1,125
31,7,59,1,66
31,7,60,1,126
31,7,61,1,65
31,7,62,1,127
31,7,63,1,64
31,7,64,1,5
31,7,65,1,63
31,7,66,1,6
31,7,67,1,62
31,7,68,1,7
31,7,69,1,61
31,7,70,1,8
31,7,71,1,60
31,7,72,1,9
31,7,73,1,59
31,7,74,1,10
31,7,75,1,58
31,7,76,1,11
31,7,77,1,57
31,7,78,1,12
31,7,79,1,56
31,7,80,1,13
31,7,81,1,55
31,7,82,1,-1
31,7,83,1,54
31,7,84,1,14
31,7,85,1,53
31,7,86,1,15
31,7,87,1,52
31,7,88,1,16
31,7,89,1,51
31,7,90,1,17
31,7,91,1,50
31,7,92,1,18
31,7,93,1,49
31,7,94,1,19
31,7,95,1,48
31,7,96,1,20
31,7,97,1,47
31,7,98,1,21
31,7,99,1,46
31,7,100,1,22
31,7,101,1,45
31,7,102,1,23
31,7,103,1,44
31,7,104,1,24
31,7,105,1,43
31,7,106,1,25
31,7,107,1,42
31,7,108,1,26
31,7,109,1,41
31,7,110,1,27
31,7,111,1,40
31,7,112,1,28
31,7,113,1,39
31,7,114,1,29
31,7,115,1,38
31,7,116,1,30
31,7,117,1,37
31,7,118,1,31
31,7,119,1,36
31,7,120,1,-1
31,7,121,1,35
31,7,122,1,-1
31,7,123,1,34
31,7,124,1,-1
31,7,125,1,33
31,7,126,1,-1
31,7,127,1,32
31,6,0,2,96
31,6,1,2,95
31,6,2,2,97
31,6,3,2,94
31,6,4,2,98
31,6,5,2,93
31,6,6,2,99
31,6,7,2,92
31,6,8,2,100
31,6,9,2,91
31,6,10,2,101
31,6,11,2,90
31,6,12,2,102
31,6,13,2,89
31,6,14,2,103
31,6,15,2,88
31,6,16,2,104
31,6,17,2,87
31,6,18,2,105
31,6,19,2,86
31,6,20,2,106
31,6,21,2,85
31,6,22,2,107
31,6,23,2,84
31,6,24,2,108
31,6,25,2,83
31,6,26,2,109
31,6,27,2,82
31,6,28,2,110
31,6,29,2,81
31,6,30,2,111
31,6,31,2,80
31,6,32,2,112
31,6,33,2,79
31,6,34,2,113
31,6,35,2,78
31,6,36,2,114
31,6,37,2,77
31,6,38,2,115
31,6,39,2,76
31,6,40,2,116
31,6,41,2,75
31,6,42,2,117
31,6,43,2,74
31,6,44,2,118
31,6,45,2,73
31,6,46,2,119
31,6,47,2,72
31,6,48,2,120
31,6,49,2,71
31,6,50,2,121
31,6,51,2,70
31,6,52,2,122
31,6,53,2,69
31,6,54,2,123
31,6,55,2,68
31,6,56,2,124
31,6,57,2,67
31,6,58,2,125
31,6,59,2,66
31,6,60,2,126
31,6,61,2,65
31,6,62,2,127
31,6,63,2,64
31,6,64,2,0
31,6,65,2,63
31,6,66,2,1
31,6,67,2,62
31,6,68,2,2
31,6,69,2,61
31,6,70,2,3
31,6,71,2,60
31,6,72,2,4
31,6,73,2,59
31,6,74,2,5
31,6,75,2,58
31,6,76,2,6
31,6,77,2,57
31,6,78,2,7
31,6,79,2,56
31,6,80,2,8
31,6,81,2,55
31,6,82,2,9
31,6,83,2,54
31,6,84,2,10
31,6,85,2,53
31,6,86,2,11
31,6,87,2,52
31,6,88,2,12
31,6,89,2,51
31,6,90,2,13
31,6,91,2,50
31,6,92,2,14
31,6,93,2,49
31,6,94,2,15
31,6,95,2,48
31,6,96,2,16
31,6,97,2,47
31,6,98,2,17
31,6,99,2,46
31,6,100,2,18
31,6,101,2,45
31,6,102,2,19
31,6,103,2,44
31,6,104,2,20
31,6,105,2,43
31,6,106,2,21
31,6,107,2,42
31,6,108,2,22
31,6,109,2,41
31,6,110,2,23
31,6,111,2,40
31,6,112,2,24
31,6,113,2,39
31,6,114,2,25
31,6,115,2,38
31,6,116,2,26
31,6,117,2,37
31,6,118,2,27
31,6,119,2,36
31,6,120,2,28
31,6,121,2,35
31,6,122,2,29
31,6,123,2,34
31,6,124,2,30
31,6,125,2,33
31,6,126,2,31
31,6,127,2,32
31,5,0,3,96
31,5,1,3,95
31,5,2,3,97
31,5,3,3,94
31,5,4,3,98
31,5,5,3,93
31,5,6,3,99
31,5,7,3,92
31,5,8,3,100
31,5,9,3,91
31,5,10,3,101
31,5,11,3,90
31,5,12,3,102
31,5,13,3,89
31,5,14,3,103
31,5,15,3,88
31,5,16,3,104
31,5,17,3,87
31,5,18,3,105
31,5,19,3,86
31,5,20,3,106
31,5,21,3,85
31,5,22,3,107
31,5,23,3,84
31,5,24,3,108
31,5,25,3,83
31,5,26,3,109
31,5,27,3,82
31,5,28,3,110
31,5,29,3,81
31,5,30,3,111
31,5,31,3,80
31,5,32,3,112
31,5,33,3,79
31,5,34,3,113
31,5,35,3,78
31,5,36,3,114
31,5,37,3,77
31,5,38,3,115
31,5,39,3,76
31,5,40,3,116
31,5,41,3,75
31,5,42,3,117
31,5,43,3,74
31,5,44,3,118
31,5,45,3,73
31,5,46,3,119
31,5,47,3,72
31,5,48,3,120
31,5,49,3,71
31,5,50,3,121
31,5,51,3,70
31,5,52,3,122
31,5,53,3,69
31,5,54,3,123
31,5,55,3,68
31,5,56,3,124
31,5,57,3,67
31,5,58,3,125
31,5,59,3,66
31,5,60,3,126
31,5,61,3,65
31,5,62,3,127
31,5,63,3,64
31,5,64,3,0
31,5,65,3,63
31,5,66,3,1
31,5,67,3,62
31,5,68,3,2
31,5,69,3,61
31,5,70,3,3
31,5,71,3,60
31,5,72,3,4
31,5,73,3,59
31,5,74,3,5
31,5,75,3,58
31,5,76,3,6
31,5,77,3,57
31,5,78,3,7
31,5,79,3,56
31,5,80,3,8
31,5,81,3,55
31,5,82,3,9
31,5,83,3,54
31,5,84,3,10
31,5,85,3,53
31,5,86,3,11
31,5,87,3,52
31,5,88,3,12
31,5,89,3,51
31,5,90,3,13
31,5,91,3,50
31,5,92,3,14
31,5,93,3,49
31,5,94,3,15
31,5,95,3,48
31,5,96,3,16
31,5,97,3,47
31,5,98,3,17
31,5,99,3,46
31,5,100,3,18
31,5,101,3,45
31,5,102,3,19
31,5,103,3,44
31,5,104,3,20
31,5,105,3,43
31,5,106,3,21
31,5,107,3,42
31,5,108,3,22
31,5,109,3,41
31,5,110,3,23
31,5,111,3,40
31,5,112,3,24
31,5,113,3,39
31,5,114,3,25
31,5,115,3,38
31,5,116,3,26
31,5,117,3,37
31,5,118,3,27
31,5,119,3,36
31,5,120,3,28
31,5,121,3,35
31,5,122,3,29
31,5,123,3,34
31,5,124,3,30
31,5,125,3,33
31,5,126,3,31
31,5,127,3,32
31,4,0,4,96
31,4,1,4,95
31,4,2,4,97
31,4,3,4,94
31,4,4,4,98
31,4,5,4,93
31,4,6,4,99
31,4,7,4,92
31,4,8,4,100
31,4,9,4,91
31,4,10,4,101
31,4,11,4,90
31,4,12,4,102
31,4,13,4,89
31,4,14,4,103
31,4,15,4,88
31,4,16,4,104
31,4,17,4,87
31,4,18,4,105
31,4,19,4,86
31,4,20,4,106
31,4,21,4,85
31,4,22,4,107
31,4,23,4,84
31,4,24,4,108
31,4,25,4,83
31,4,26,4,109
31,4,27,4,82
31,4,28,4,110
31,4,29,4,81
31,4,30,4,111
31,4,31,4,80
31,4,32,4,112
31,4,33,4,79
31,4,34,4,113
31,4,35,4,78
31,4,36,4,114
31,4,37,4,77
31,4,38,4,115
31,4,39,4,76
31,4,40,4,116
31,4,41,4,75
31,4,42,4,117
31,4,43,4,74
31,4,44,4,118
31,4,45,4,73
31,4,46,4,119
31,4,47,4,72
31,4,48,4,120
31,4,49,4,71
31,4,50,4,121
31,4,51,4,70
31,4,52,4,122
31,4,53,4,69
31,4,54,4,123
31,4,55,4,68
31,4,56,4,124
31,4,57,4,67
31,4,58,4,125
31,4,59,4,66
31,4,60,4,126
31,4,61,4,65
31,4,62,4,127
31,4,63,4,64
31,4,64,4,0
31,4,65,4,63
31,4,66,4,1
31,4,67,4,62
31,4,68,4,2
31,4,69,4,61
31,4,70,4,3
31,4,71,4,60
31,4,72,4,4
31,4,73,4,59
31,4,74,4,5
31,4,75,4,58
31,4,76,4,6
31,4,77,4,57
31,4,78,4,7
31,4,79,4,56
31,4,80,4,8
31,4,81,4,55
31,4,82,4,9
31,4,83,4,54
31,4,84,4,10
31,4,85,4,53
31,4,86,4,11
31,4,87,4,52
31,4,88,4,12
31,4,89,4,51
31,4,90,4,13
31,4,91,4,50
31,4,92,4,14
31,4,93,4,49
31,4,94,4,15
31,4,95,4,48
31,4,96,4,16
31,4,97,4,47
31,4,98,4,17
31,4,99,4,46
31,4,100,4,18
31,4,101,4,45
31,4,102,4,19
31,4,103,4,44
31,4,104,4,20
31,4,105,4,43
31,4,106,4,21
31,4,107,4,42
31,4,108,4,22
31,4,109,4,41
31,4,110,4,23
31,4,111,4,40
31,4,112,4,24
31,4,113,4,39
31,4,114,4,25
31,4,115,4,38
31,4,116,4,26
31,4,117,4,37
31,4,118,4,27
31,4,119,4,36
31,4,120,4,28
31,4,121,4,35
31,4,122,4,29
31,4,123,4,34
31,4,124,4,30
31,4,125,4,33
31,4,126,4,31
31,4,127,4,32
31,3,0,5,0
31,3,1,5,127
31,3,2,5,1
31,3,3,5,126
31,3,4,5,2
31,3,5,5,125
31,3,6,5,3
31,3,7,5,124
31,3,8,5,4
31,3,9,5,123
31,3,10,5,5
31,3,11,5,122
31,3,12,5,6
31,3,13,5,121
31,3,14,5,7
31,3,15,5,120
31,3,16,5,8
31,3,17,5,119
31,3,18,5,9
31,3,19,5,118
31,3,20,5,10
31,3,21,5,117
31,3,22,5,11
31,3,23,5,116
31,3,24,5,12
31,3,25,5,115
31,3,26,5,13
31,3,27,5,114
31,3,28,5,14
31,3,29,5,113
31,3,30,5,15
31,3,31,5,112
31,3,32,5,16
31,3,33,5,111
31,3,34,5,17
31,3,35,5,110
31,3,36,5,18
31,3,37,5,109
31,3,38,5,19
31,3,39,5,108
31,3,40,5,20
31,3,41,5,107
31,3,42,5,21
31,3,43,5,106
31,3,44,5,22
31,3,45,5,105
31,3,46,5,23
31,3,47,5,104
31,3,48,5,24
31,3,49,5,103
31,3,50,5,25
31,3,51,5,102
31,3,52,5,26
31,3,53,5,101
31,3,54,5,27
31,3,55,5,100
31,3,56,5,28
31,3,57,5,99
31,3,58,5,29
31,3,59,5,98
31,3,60,5,30
31,3,61,5,97
31,3,62,5,31
31,3,63,5,96
31,3,64,5,32
31,3,65,5,95
31,3,66,5,33
31,3,67,5,94
31,3,68,5,34
31,3,69,5,93
31,3,70,5,35
31,3,71,5,92
31,3,72,5,36
31,3,73,5,91
31,3,74,5,37
31,3,75,5,90
31,3,76,5,38
31,3,77,5,89
31,3,78,5,39
31,3,79,5,88
31,3,80,5,40
31,3,81,5,87
31,3,82,5,41
31,3,83,5,86
31,3,84,5,42
31,3,85,5,85
31,3,86,5,43
31,3,87,5,84
31,3,88,5,44
31,3,89,5,83
31,3,90,5,45
31,3,91,5,82
31,3,92,5,46
31,3,93,5,81
31,3,94,5,47
31,3,95,5,80
31,3,96,5,48
31,3,97,5,79
31,3,98,5,49
31,3,99,5,78
31,3,100,5,50
31,3,101,5,77
31,3,102,5,51
31,3,103,5,76
31,3,104,5,52
31,3,105,5,75
31,3,106,5,53
31,3,107,5,74
31,3,108,5,54
31,3,109,5,73
31,3,110,5,55
31,3,111,5,72
31,3,112,5,56
31,3,113,5,71
31,3,114,5,57
31,3,115,5,70
31,3,116,5,58
31,3,117,5,69
31,3,118,5,59
31,3,119,5,68
31,3,120,5,60
31,3,121,5,67
31,3,122,5,61
31,3,123,5,66
31,3,124,5,62
31,3,125,5,65
31,3,126,5,63
31,3,127,5,64
31,2,0,6,0
31,2,1,6,127
31,2,2,6,1
31,2,3,6,126
31,2,4,6,2
31,2,5,6,125
31,2,6,6,3
31,2,7,6,124
31,2,8,6,4
31,2,9,6,123
31,2,10,6,5
31,2,11,6,122
31,2,12,6,6
31,2,13,6,121
31,2,14,6,7
31,2,15,6,120
31,2,16,6,8
31,2,17,6,119
31,2,18,6,9
31,2,19,6,118
31,2,20,6,10
31,2,21,6,117
31,2,22,6,11
31,2,23,6,116
31,2,24,6,12
31,2,25,6,115
31,2,26,6,13
31,2,27,6,114
31,2,28,6,14
31,2,29,6,113
31,2,30,6,15
31,2,31,6,112
31,2,32,6,16
31,2,33,6,111
31,2,34,6,17
31,2,35,6,110
31,2,36,6,18
31,2,37,6,109
31,2,38,6,19
31,2,39,6,108
31,2,40,6,20
31,2,41,6,107
31,2,42,6,21
31,2,43,6,106
31,2,44,6,22
31,2,45,6,105
31,2,46,6,23
31,2,47,6,104
31,2,48,6,24
31,2,49,6,103
31,2,50,6,25
31,2,51,6,102
31,2,52,6,26
31,2,53,6,101
31,2,54,6,27
31,2,55,6,100
31,2,56,6,28
31,2,57,6,99
31,2,58,6,29
31,2,59,6,98
31,2,60,6,30
31,2,61,6,97
31,2,62,6,31
31,2,63,6,96
31,2,64,6,32
31,2,65,6,95
31,2,66,6,33
31,2,67,6,94
31,2,68,6,34
31,2,69,6,93
31,2,70,6,35
31,2,71,6,92
31,2,72,6,36
31,2,73,6,91
31,2,74,6,37
31,2,75,6,90
31,2,76,6,38
31,2,77,6,89
31,2,78,6,39
31,2,79,6,88
31,2,80,6,40
31,2,81,6,87
31,2,82,6,41
31,2,83,6,86
31,2,84,6,42
31,2,85,6,85
31,2,86,6,43
31,2,87,6,84
31,2,88,6,44
31,2,89,6,83
31,2,90,6,45
31,2,91,6,82
31,2,92,6,46
31,2,93,6,81
31,2,94,6,47
31,2,95,6,80
31,2,96,6,48
31,2,97,6,79
31,2,98,6,49
31,2,99,6,78
31,2,100,6,50
31,2,101,6,77
31,2,102,6,51
31,2,103,6,76
31,2,104,6,52
31,2,105,6,75
31,2,106,6,53
31,2,107,6,74
31,2,108,6,54
31,2,109,6,73
31,2,110,6,55
31,2,111,6,72
31,2,112,6,56
31,2,113,6,71
31,2,114,6,57
31,2,115,6,70
31,2,116,6,58
31,2,117,6,69
31,2,118,6,59
31,2,119,6,68
31,2,120,6,60
31,2,121,6,67
31,2,122,6,61
31,2,123,6,66
31,2,124,6,62
31,2,125,6,65
31,2,126,6,63
31,2,127,6,64
31,1,0,7,0
31,1,1,7,127
31,1,2,7,1
31,1,3,7,126
31,1,4,7,2
31,1,5,7,125
31,1,6,7,3
31,1,7,7,124
31,1,8,7,4
31,1,9,7,123
31,1,10,7,5
31,1,11,7,122
31,1,12,7,6
31,1,13,7,121
31,1,14,7,7
31,1,15,7,120
31,1,16,7,8
31,1,17,7,119
31,1,18,7,9
31,1,19,7,118
31,1,20,7,10
31,1,21,7,117
31,1,22,7,11
31,1,23,7,116
31,1,24,7,12
31,1,25,7,115
31,1,26,7,13
31,1,27,7,114
31,1,28,7,14
31,1,29,7,113
31,1,30,7,15
31,1,31,7,112
31,1,32,7,16
31,1,33,7,111
31,1,34,7,17
31,1,35,7,110
31,1,36,7,18
31,1,37,7,109
31,1,38,7,19
31,1,39,7,108
31,1,40,7,20
31,1,41,7,107
31,1,42,7,21
31,1,43,7,106
31,1,44,7,22
31,1,45,7,105
31,1,46,7,23
31,1,47,7,104
31,1,48,7,24
31,1,49,7,103
31,1,50,7,25
31,1,51,7,102
31,1,52,7,26
31,1,53,7,101
31,1,54,7,27
31,1,55,7,100
31,1,56,7,28
31,1,57,7,99
31,1,58,7,29
31,1,59,7,98
31,1,60,7,30
31,1,61,7,97
31,1,62,7,31
31,1,63,7,96
31,1,64,7,32
31,1,65,7,95
31,1,66,7,33
31,1,67,7,94
31,1,68,7,34
31,1,69,7,93
31,1,70,7,35
31,1,71,7,92
31,1,72,7,36
31,1,73,7,91
31,1,74,7,37
31,1,75,7,90
31,1,76,7,38
31,1,77,7,89
31,1,78,7,39
31,1,79,7,88
31,1,80,7,40
31,1,81,7,87
31,1,82,7,41
31,1,83,7,86
31,1,84,7,42
31,1,85,7,85
31,1,86,7,43
31,1,87,7,84
31,1,88,7,44
31,1,89,7,83
31,1,90,7,45
31,1,91,7,82
31,1,92,7,46
31,1,93,7,81
31,1,94,7,47
31,1,95,7,80
31,1,96,7,48
31,1,97,7,79
31,1,98,7,49
31,1,99,7,78
31,1,100,7,50
31,1,101,7,77
31,1,102,7,51
31,1,103,7,76
31,1,104,7,52
31,1,105,7,75
31,1,106,7,53
31,1,107,7,74
31,1,108,7,54
31,1,109,7,73
31,1,110,7,55
31,1,111,7,72
31,1,112,7,56
31,1,113,7,71
31,1,114,7,57
31,1,115,7,70
31,1,116,7,58
31,1,117,7,69
31,1,118,7,59
31,1,119,7,68
31,1,120,7,60
31,1,121,7,67
31,1,122,7,61
31,1,123,7,66
31,1,124,7,62
31,1,125,7,65
31,1,126,7,63
31,1,127,7,64
31,0,0,8,0
31,0,1,8,127
31,0,2,8,1
31,0,3,8,126
31,0,4,8,2
31,0,5,8,125
31,0,6,8,3
31,0,7,8,124
31,0,8,8,4
31,0,9,8,123
31,0,10,8,5
31,0,11,8,122
31,0,12,8,6
31,0,13,8,121
31,0,14,8,7
31,0,15,8,120
31,0,16,8,8
31,0,17,8,119
31,0,18,8,9
31,0,19,8,118
31,0,20,8,10
31,0,21,8,117
31,0,22,8,11
31,0,23,8,116
31,0,24,8,12
31,0,25,8,115
31,0,26,8,13
31,0,27,8,114
31,0,28,8,14
31,0,29,8,113
31,0,30,8,15
31,0,31,8,112
31,0,32,8,16
31,0,33,8,111
31,0,34,8,17
31,0,35,8,110
31,0,36,8,18
31,0,37,8,109
31,0,38,8,19
31,0,39,8,108
31,0,40,8,20
31,0,41,8,107
31,0,42,8,21
31,0,43,8,106
31,0,44,8,22
31,0,45,8,105
31,0,46,8,23
31,0,47,8,104
31,0,48,8,24
31,0,49,8,103
31,0,50,8,25
31,0,51,8,102
31,0,52,8,26
31,0,53,8,101
31,0,54,8,27
31,0,55,8,100
31,0,56,8,28
31,0,57,8,99
31,0,58,8,29
31,0,59,8,98
31,0,60,8,30
31,0,61,8,97
31,0,62,8,31
31,0,63,8,96
31,0,64,8,32
31,0,65,8,95
31,0,66,8,33
31,0,67,8,94
31,0,68,8,34
31,0,69,8,93
31,0,70,8,35
31,0,71,8,92
31,0,72,8,36
31,0,73,8,91
31,0,74,8,37
31,0,75,8,90
31,0,76,8,38
31,0,77,8,89
31,0,78,8,39
31,0,79,8,88
31,0,80,8,40
31,0,81,8,87
31,0,82,8,41
31,0,83,8,86
31,0,84,8,42
31,0,85,8,85
31,0,86,8,43
31,0,87,8,84
31,0,88,8,44
31,0,89,8,83
31,0,90,8,45
31,0,91,8,82
31,0,92,8,46
31,0,93,8,81
31,0,94,8,47
31,0,95,8,80
31,0,96,8,48
31,0,97,8,79
31,0,98,8,49
31,0,99,8,78
31,0,100,8,50
31,0,101,8,77
31,0,102,8,51
31,0,103,8,76
31,0,104,8,52
31,0,105,8,75
31,0,106,8,53
31,0,107,8,74
31,0,108,8,54
31,0,109,8,73
31,0,110,8,55
31,0,111,8,72
31,0,112,8,56
31,0,113,8,71
31,0,114,8,57
31,0,115,8,70
31,0,116,8,58
31,0,117,8,69
31,0,118,8,59
31,0,119,8,68
31,0,120,8,60
31,0,121,8,67
31,0,122,8,61
31,0,123,8,66
31,0,124,8,62
31,0,125,8,65
31,0,126,8,63
31,0,127,8,64
